EVENTID,Event name
b770eb35-484c-49e1-9558-ea06022c0d0d,Sudheer
380f3009-276d-47c4-abc5-5336761e66be,Sudheer
c9a8e12f-1cce-43c8-b23d-64ee49a9fb62,Sudheer
9890c348-a6ba-4467-88ea-1e15d36688fa,Sudheer
94266047-d12d-47a0-a56c-8c74ba362b7d,Sudheer
fb00f3fc-e822-426d-97ab-bc381fe529e5,Sudheer
8ae2f823-4e9f-478b-9366-59de4566bf3a,Sudheer
a39798d2-0365-4c15-bca8-d00aaae02238,Sudheer
c2cced52-4de1-4139-b4b3-c06d29e1f08a,Sudheer
b01031b2-5ffa-48ab-9bbe-72c66fd8bb48,Sudheer
41d58fa2-6612-425d-8a31-4b2604d8fea0,Sudheer
67e77c7d-5592-4d22-a4a1-efcb57075957,Sudheer
0863d132-d927-468c-adea-d19dd6ec7a59,Sudheer
efcd816d-3b91-49c5-bd10-a0d9a9012746,Sudheer
3f6974d2-18ba-4f0e-b65f-994f34fd6c33,Sudheer
923ad5a8-e905-4a57-953b-9e6a33e1dcbf,Sudheer
